"RaanPahMuang Formal Kurta Long Sleeve Stand Up Collar Button Down Dashiki Shirt, Large, New White Blue",Item is a nice fit and good quality. I'm going to order some in the other colors,"I love love LOVE this shirt!!! I bought it for my husband for his birthday. He is 6‚Äô2 and about 300 lbs. the fit and fabric are excellent! He got many compliments on it and I have purchased another one. I wish they had one in a solid black because I would buy that too! They have a $15 shipping charge which is rediculous, but I pay it because the shirt is amazing!!!","Me encanta el estilo y su estampado, quiero ver m√°s colores con el mismo dise√±o de esta que compre","Vibrate colors smell horrible, like mildew.",Got this for a friend who wanted something cooler and better-looking than a t-shirt. Very happy.,Fit great! Looks great! Very rich in color. But a size smaller,"Vibrant colors, lightweight,breathable, looks great,only downfall is that it's a little long(about 6 to 8 inches) and the cuffs could use a button on them to make the shirt look a little more presentable 4.5 out of 5
Other than that it's great, I'll definitely order more for my shows"
KINGDOM OF WHITE Cloudie Full Sleeves White Kurta with Woven Hoodie Casual Shirt | Cotton Linen Fabric | Regular Fit,"This white shirt is my reliable fashion companion. It's there for me when I need to look put together and feel comfortable, providing a winning combination",I've been looking for white casual shirt and this was fitting to the expectation & likeness,"Slip into this white shirt and experience the luxurious softness against your skin, while enjoying a perfect, comfortable fit",Nice product,"Shirt has best breathable quality cotton fabric, perfect fitting shirt and has good stitch quality.","Recently ordered this for my brother on his birthday. This is my 2nd purchase from Kingdom of White. He loved the product.
excellent linen fabric and super comfortable fit.","Though the material is thin and a little translucent, I love how it feels on me and I have paired this with loads of sweatshirts and sweaters. It is a nice addition to my closet!","The fabric is luxurious and has a subtle sheen, giving it an elevated and sophisticated look. The tailored silhouette flatters my figure, creating a polished and put-together appearance.","This is a really good brand - I have seen a few of their products & I had to order one for my husband. It‚Äôs a nice & clean looking design - but the best part is the fit is perfect & length is also great
It‚Äôs a soft fabric & easy to wash also. Must buy brand on Amazonüëç","I took this shirt for my husband since he loves white color.. he just loved it.. fabric is really awesome n it‚Äôs also stylish to wear
It‚Äôs worth paying.. size is also perfect‚Ä¶
I will surely recommend to all who loves white color‚Ä¶
Will surely gonna shop more for all handsome hunk in my family..
Love for white,love for kingdom of white‚Ä¶"
Men's Blue Color Cotton Solid Casual Slim Fit Shirt Collor Short Kurta for Men,Sta bhe air sab se accha bhe fabric quality ekdum acchi Nikli. Ki ta look wise bhe Acch lag raha hai. Deal acchi rahi,"Best kurta for me. Kurte ka colour aur fitting best quality ki hai. fabric bhe theek use Kiya hai. Design bhe Naya laga, ek white colour me aur order...",The product is very good and the quality of the product is also really nice. Thank you very very much
Bellstone Combo of Men Solid Cotton Blend Straight Kurta Shirt Pack of 3,Good quality product must do try highly recommended üòä,Fit size..,I liked It because of valuable Price And Good Quality And comfortable Cloth üëå very Good Quality Cloth in less Price
AHHAAAA Cotton Mens Tunic Shirt Ethnic Full Chikankari Sequin Embroidery Mirror Work Straight Kurta for Men Yellow,Bro this is like a scam. I only got the kurta where is the bottom wear do not buy not worth it,"It is a great product with perfect fit and comfort
Have to buy pajaama","Kurta's color, fitting, fabric everything is good. Very comfortable to wear.","Colour, finishing, quality, comfort, fitting everything thing is perfect
A very good product for puja, religious functions, etc
Will recommend this kurta",Cloth material is very good
Identiti Solid Half Placket Slim Fit 100% Viscose Casual Shirt/Kurta for Men White,Good,Good Product Quality,Nice comfortable and good material
KINGDOM OF WHITE Wander Full Sleeve Kurta Shirt for Men with Polo Collar | Cotton Linen Blend | Fusion Kurta | Casual Wear Shirts for Men | White Color,"Loved the fabric, wow quality, so versatile","I really love this shirt , the pricing is also quite affordable and quality is exceptional and good and nice to wear the shirt","this is my most used shirt of all times, it is a great buy indeed and no regrets","i have used this shirt for a while now and have no complaints with the material, it is machine friendly and doesnt shrink",Nice material,"this shirt is suitable for both casual and fancy events , it is so versatile",This white shirt strikes the perfect balance between style and comfort. It's a versatile piece that keeps me looking good and feeling great all day long,"This white shirt is made with great quality fabric, providing a perfect fit and a pure white color that never fades",The product is value for money and fits comfortably. The quality is also good. A must buy,"This white shirt is a wardrobe essential. The fabric is lightweight and airy, making it ideal for warmer days. I appreciate the wrinkle-resistant feature, as it saves me time and effort when getting ready in the morning. The relaxed fit allows for easy movement, and the versatile nature of the shirt makes it easy to style with different bottoms and accessories."
